"response","predictor","n","term","estimate","std.error","statistic","p.value","r.squared","adj.r.squared","AIC","p_adj_fdr"
"linkage_density","hb_logit",22,"hb_logit",0.759293773585085,0.254434356381279,2.98424231846762,0.00733122274864424,0.308094996239496,0.273499746051471,71.5233787177405,0.0513185592405096
"nestedness","hb_logit",22,"hb_logit",-6.4440614245788,2.5873003350528,-2.49065071312925,0.0216614169265686,0.236738551041044,0.198575478593096,173.573784246592,0.07581495924299
"connectance","hb_logit",22,"hb_logit",-0.044556180262885,0.0319796297812447,-1.39326754461104,0.178831791617457,0.0884725968412276,0.0428962266832889,-19.7301458532123,0.417274180440733
"web_asymmetry","hb_logit",22,"hb_logit",0.0301677941147505,0.0340919680727016,0.884894472810056,0.386728696070104,0.0376767929413933,-0.0104393674115371,-16.9157876961334,0.676775218122682
"modularity","hb_logit",22,"hb_logit",-0.012395895245156,0.0228433706870883,-0.54264737962522,0.593368792610551,0.0145096784523664,-0.0347648376250154,-34.5334257126829,0.79274991270123
"interaction_evenness","hb_logit",22,"hb_logit",0.00416992787257108,0.00994608748331341,0.419253086157444,0.679499925172482,0.0087120899379433,-0.0408523055651597,-71.1186203393372,0.79274991270123
"H2","hb_logit",16,"hb_logit",-0.0153192694297899,0.0716789586982902,-0.213720591202664,0.833846167376308,0.00325199652241356,-0.0679442894402711,8.03468399422334,0.833846167376308
