"","hb_raw","connectance","web_asymmetry","nestedness","modularity","H2","linkage_density","interaction_evenness"
"hb_raw",1,-0.32703576633282,0.275720093967775,-0.528126955693483,-0.164781593669966,-0.114788558870714,0.669572783720878,0.204151863200895
"connectance",-0.32703576633282,1,-0.309926470876536,0.685120721090748,-0.492181606213748,0.376719435268697,-0.686590430721044,-0.460574460552998
"web_asymmetry",0.275720093967775,-0.309926470876536,1,-0.216661603150017,0.0471238112009335,0.28598993186461,0.428144450400251,0.342444567199376
"nestedness",-0.528126955693483,0.685120721090748,-0.216661603150017,1,0.153078719663784,0.232480795341482,-0.85578140431901,-0.424027667752061
"modularity",-0.164781593669966,-0.492181606213748,0.0471238112009335,0.153078719663784,1,-0.42797948689076,-0.184331724066909,-0.142080316345063
"H2",-0.114788558870714,0.376719435268697,0.28598993186461,0.232480795341482,-0.42797948689076,1,-0.0527180484845706,-0.172742836734895
"linkage_density",0.669572783720878,-0.686590430721044,0.428144450400251,-0.85578140431901,-0.184331724066909,-0.0527180484845706,1,0.590754838019436
"interaction_evenness",0.204151863200895,-0.460574460552998,0.342444567199376,-0.424027667752061,-0.142080316345063,-0.172742836734895,0.590754838019436,1
