"response","n_unadjusted","estimate_unadjusted","p_unadjusted","r2_unadjusted","p_adj_fdr_unadjusted","n_adjusted","estimate_adjusted","p_adjusted","r2_adjusted","adj_r2_adjusted","p_adj_fdr_adjusted"
"web_asymmetry",22,-0.319954691620213,0.0263072514371263,0.223449809053667,0.184150760059884,22,-0.284122377590282,0.048386193235121,0.282060351600163,0.206487757031759,0.338703352645847
"H2",16,-0.24091255871162,0.395193281191655,0.0520968867194888,0.691588242085396,16,-0.320552406269115,0.292946004835083,0.102750135945233,-0.0352883046785775,0.898384350904489
"interaction_evenness",22,0.00450415640662913,0.918551158219478,0.000535930402846544,0.918551158219478,22,0.0314034829301025,0.385894046913748,0.400284842574928,0.337156931267026,0.898384350904489
"linkage_density",22,-1.49800882730655,0.258971555648765,0.0632280688929648,0.691588242085396,22,-0.342095680265211,0.53458020655063,0.850554058136861,0.834822906361794,0.898384350904489
"nestedness",22,8.53467405680149,0.511081216799763,0.0218947367006177,0.715513703519669,22,-2.27970739364789,0.736494317414169,0.757072264771764,0.731500924221423,0.898384350904489
"modularity",22,-0.0189689452165165,0.851645532293491,0.00179144946910987,0.918551158219478,22,-0.0153205121573721,0.885614958677534,0.00317741991913578,-0.101751272720955,0.898384350904489
"connectance",22,0.131228702421354,0.369368573727662,0.0404638073418099,0.691588242085396,22,0.00954994701742404,0.898384350904489,0.768011723173673,0.743591904560375,0.898384350904489
