"response","predictor","effort","n","term","estimate","std.error","statistic","p.value","r.squared","adj.r.squared","AIC","p_adj_fdr"
"web_asymmetry","hb_raw","log_interaction_sum",22,"hb_raw",-0.284122377590282,0.134681596494837,-2.10958575621854,0.048386193235121,0.282060351600163,0.206487757031759,-21.3610145710442,0.338703352645847
"H2","hb_raw","log_interaction_sum",16,"hb_raw",-0.320552406269115,0.292461069960874,-1.09605154050759,0.292946004835083,0.102750135945233,-0.0352883046785775,8.35206631882014,0.898384350904489
"interaction_evenness","hb_raw","log_interaction_sum",22,"hb_raw",0.0314034829301025,0.0353832382090238,0.887524277585586,0.385894046913748,0.400284842574928,0.337156931267026,-80.1747250045093,0.898384350904489
"linkage_density","hb_raw","log_interaction_sum",22,"hb_raw",-0.342095680265211,0.540838095507843,-0.632528816121923,0.53458020655063,0.850554058136861,0.834822906361794,39.8080721732626,0.898384350904489
"nestedness","hb_raw","log_interaction_sum",22,"hb_raw",-2.27970739364789,6.67607835245301,-0.341474032103032,0.736494317414169,0.757072264771764,0.731500924221423,150.387378638367,0.898384350904489
"modularity","hb_raw","log_interaction_sum",22,"hb_raw",-0.0153205121573721,0.105078927735737,-0.145800042763109,0.885614958677534,0.00317741991913578,-0.101751272720955,-32.2818888302526,0.898384350904489
"connectance","hb_raw","log_interaction_sum",22,"hb_raw",0.00954994701742404,0.0737894511316222,0.129421575455132,0.898384350904489,0.768011723173673,0.743591904560375,-47.8357118492959,0.898384350904489
