"response","predictor","n","term","estimate","std.error","statistic","p.value","r.squared","adj.r.squared","AIC","p_adj_fdr"
"linkage_density","hb_raw",22,"hb_raw",7.82195909759968,1.94018585666183,4.03155144685864,0.00065348772932637,0.448327712699726,0.420744098334712,66.5405001392471,0.00457441410528459
"nestedness","hb_raw",22,"hb_raw",-59.7329200046285,21.4759664056248,-2.78138449634489,0.0115213030462824,0.278918081330066,0.242863985396569,172.323130824599,0.0403245606619884
"connectance","hb_raw",22,"hb_raw",-0.418358935186156,0.270318709113023,-1.54765068447865,0.13738504287441,0.106952392460895,0.0623000120839396,-20.1807447074786,0.320565100040291
"web_asymmetry","hb_raw",22,"hb_raw",0.365952940544383,0.285280930199471,1.28278094259054,0.214236567562121,0.0760215702175988,0.0298226487284787,-17.8103438054945,0.374913993233712
"interaction_evenness","hb_raw",22,"hb_raw",0.0778880709692128,0.0835138173022878,0.932636939433483,0.362130688153407,0.0416779832483972,-0.00623811758918302,-71.8626858820932,0.50698296341477
"modularity","hb_raw",22,"hb_raw",-0.144813127909661,0.193823537426406,-0.747139020536375,0.463673661677487,0.027152973612414,-0.0214893777069654,-34.8174997089583,0.540952605290402
"H2","hb_raw",16,"hb_raw",-0.251012739384482,0.58056774349074,-0.432357364319338,0.672067123068785,0.0131764132476153,-0.0573109858061265,7.87457684869701,0.672067123068785
