"response","predictor","effort","n","term","estimate","std.error","statistic","p.value","r.squared","adj.r.squared","AIC","p_adj_fdr"
"web_asymmetry","hb_logit","log_interaction_sum",22,"hb_logit",-0.0243919997022202,0.0108216427886796,-2.25400155766888,0.0361975636983191,0.300848345383326,0.227253434371045,-21.9444068808974,0.253382945888234
"linkage_density","hb_logit","log_interaction_sum",22,"hb_logit",-0.0593140422599312,0.0423658024650485,-1.40004529145565,0.17761740484725,0.861677119064079,0.847116815807667,38.1065027357142,0.621660916965376
"interaction_evenness","hb_logit","log_interaction_sum",22,"hb_logit",0.00296780350756179,0.0028601744966213,1.03763022538227,0.312468179428006,0.408916947193116,0.346697678476601,-80.4936869016275,0.713556611504897
"H2","hb_logit","log_interaction_sum",16,"hb_logit",-0.0211040165884172,0.0246675976816512,-0.855535948849826,0.407746635145655,0.0720802112972936,-0.0706766792723534,8.88984097399496,0.713556611504897
"connectance","hb_logit","log_interaction_sum",22,"hb_logit",-0.00242240197554707,0.00598500634056125,-0.404745097616706,0.690185294261319,0.769792067862639,0.745559653953443,-48.0051973453399,0.890053915944748
"modularity","hb_logit","log_interaction_sum",22,"hb_logit",0.00261342482916283,0.00853952808727029,0.306038554174746,0.76290335652407,0.00695730781473577,-0.0975735018889763,-32.3654700001774,0.890053915944748
"nestedness","hb_logit","log_interaction_sum",22,"hb_logit",-0.0599960979223782,0.545073156849726,-0.110069808370547,0.913508313194742,0.755737152263802,0.730025273554728,150.507957934155,0.913508313194742
