"response","predictor","n","term","estimate","std.error","statistic","p.value","r.squared","adj.r.squared","AIC","p_adj_fdr"
"web_asymmetry","hb_logit",22,"hb_logit",-0.0256784144788184,0.0111920229298499,-2.2943497024414,0.0327282980549463,0.208360992185592,0.168779041794872,-21.2111750257677,0.229098086384624
"linkage_density","hb_logit",22,"hb_logit",-0.0931566641719617,0.108737631330835,-0.856710441746998,0.401753759647652,0.0353985942164858,-0.01283147607269,78.8332372433126,0.925125947658332
"H2","hb_logit",16,"hb_logit",-0.014576573846965,0.0229021248373973,-0.636472552239459,0.534736940937875,0.0281218030703551,-0.0412980681389052,7.63040401950803,0.925125947658332
"interaction_evenness","hb_logit",22,"hb_logit",0.00220820784865045,0.00358193848455202,0.616484023434205,0.544529147734297,0.0186482615879318,-0.0304193253326717,-71.3402498956356,0.925125947658332
"modularity","hb_logit",22,"hb_logit",0.00247190257937974,0.0083105345352348,0.29744206812443,0.769196546386016,0.00440410723333814,-0.0453756874049949,-34.3089786456605,0.925125947658332
"nestedness","hb_logit",22,"hb_logit",0.252787063343133,1.0704316109156,0.236154333229108,0.815714547988116,0.00278068965926306,-0.0470802758577737,179.45592610003,0.925125947658332
"connectance","hb_logit",22,"hb_logit",0.00115358397577317,0.0121211451817235,0.0951712035850018,0.925125947658332,0.000452672894041443,-0.0495246934612565,-17.7021672383871,0.925125947658332
