"response","predictor","n","term","estimate","std.error","statistic","p.value","r.squared","adj.r.squared","AIC","p_adj_fdr"
"web_asymmetry","hb_raw",22,"hb_raw",-0.319954691620213,0.133373103316384,-2.39894464224339,0.0263072514371263,0.223449809053667,0.184622299506351,-21.6345476850628,0.184150760059884
"linkage_density","hb_raw",22,"hb_raw",-1.49800882730655,1.28932187308769,-1.16185791816212,0.258971555648765,0.0632280688929648,0.0163894723376129,78.1891846979505,0.691588242085396
"connectance","hb_raw",22,"hb_raw",0.131228702421354,0.142893062732704,0.918370002795939,0.369368573727662,0.0404638073418099,-0.00751300229109964,-18.6009215461089,0.691588242085396
"H2","hb_raw",16,"hb_raw",-0.24091255871162,0.274644882907485,-0.877178399106649,0.395193281191655,0.0520968867194888,-0.0156104785148334,7.23075299620799,0.691588242085396
"nestedness","hb_raw",22,"hb_raw",8.53467405680149,12.7554233267827,0.669101592173825,0.511081216799763,0.0218947367006177,-0.0270105264643514,179.03015084694,0.715513703519669
"modularity","hb_raw",22,"hb_raw",-0.0189689452165165,0.100123620614299,-0.189455246425711,0.851645532293491,0.00179144946910987,-0.0481189780574347,-34.251321532993,0.918551158219478
"interaction_evenness","hb_raw",22,"hb_raw",0.00450415640662913,0.0434938508340654,0.103558464478417,0.918551158219478,0.000535930402846544,-0.0494372730770112,-70.9379082034185,0.918551158219478
